Ticket_ID,Open_Date,Close_Date,Category,Priority,Assigned_Team,SLA_Hours,Resolution_Hours,SLA_Breach
1,2025-04-13,2025-04-15 07:00:00,Network,High,Team C,24,55,True
2,2025-03-13,2025-03-15 16:00:00,Network,High,Team B,24,64,True
3,2025-03-16,2025-03-19 06:00:00,Security,Low,Team C,72,78,True
4,2025-05-30,2025-06-01 08:00:00,Software,Medium,Team B,48,56,True
5,2025-05-10,2025-05-12 19:00:00,Security,Low,Team A,72,67,False
6,2025-02-27,2025-02-28 01:00:00,Network,Low,Team A,72,25,False
7,2025-02-28,2025-03-01 21:00:00,Security,High,Team B,24,45,True
8,2025-06-24,2025-06-26 17:00:00,Hardware,High,Team A,24,65,True
9,2025-05-11,2025-05-13 06:00:00,Hardware,Low,Team A,72,54,False
10,2025-06-16,2025-06-16 21:00:00,Security,Low,Team B,72,21,False
11,2025-01-09,2025-01-12 21:00:00,Network,Medium,Team C,48,93,True
12,2025-06-21,2025-06-21 11:00:00,Hardware,High,Team B,24,11,False
13,2025-03-22,2025-03-23 15:00:00,Software,Medium,Team B,48,39,False
14,2025-05-14,2025-05-16 09:00:00,Software,Medium,Team A,48,57,True
15,2025-05-26,2025-05-29 21:00:00,Security,Medium,Team B,48,93,True
16,2025-01-14,2025-01-16 03:00:00,Hardware,Medium,Team C,48,51,True
17,2025-02-09,2025-02-12 16:00:00,Security,Low,Team B,72,88,True
18,2025-04-21,2025-04-23 08:00:00,Security,Medium,Team A,48,56,True
19,2025-05-04,2025-05-05 20:00:00,Network,High,Team A,24,44,True
20,2025-03-06,2025-03-09 20:00:00,Hardware,Low,Team A,72,92,True
21,2025-05-16,2025-05-19 19:00:00,Hardware,High,Team C,24,91,True
22,2025-03-22,2025-03-22 11:00:00,Hardware,High,Team A,24,11,False
23,2025-05-03,2025-05-03 08:00:00,Software,High,Team B,24,8,False
24,2025-02-10,2025-02-11 07:00:00,Hardware,Low,Team B,72,31,False
25,2025-02-02,2025-02-04 03:00:00,Hardware,High,Team B,24,51,True
26,2025-02-06,2025-02-07 23:00:00,Security,Medium,Team C,48,47,False
27,2025-02-04,2025-02-06 20:00:00,Hardware,Low,Team C,72,68,False
28,2025-05-11,2025-05-11 04:00:00,Network,Medium,Team C,48,4,False
29,2025-05-22,2025-05-23 06:00:00,Network,High,Team C,24,30,True
30,2025-03-31,2025-04-01 21:00:00,Security,Low,Team C,72,45,False
31,2025-03-04,2025-03-06 07:00:00,Network,Medium,Team A,48,55,True
32,2025-05-31,2025-05-31 18:00:00,Hardware,Low,Team A,72,18,False
33,2025-06-09,2025-06-12 02:00:00,Hardware,High,Team B,24,74,True
34,2025-01-28,2025-01-30 21:00:00,Software,Low,Team B,72,69,False
35,2025-05-14,2025-05-15 07:00:00,Security,Medium,Team B,48,31,False
36,2025-03-16,2025-03-19 23:00:00,Network,High,Team B,24,95,True
37,2025-05-09,2025-05-10 06:00:00,Software,Low,Team A,72,30,False
38,2025-01-03,2025-01-06 01:00:00,Security,High,Team A,24,73,True
39,2025-03-03,2025-03-04 16:00:00,Network,High,Team B,24,40,True
40,2025-06-21,2025-06-22 03:00:00,Hardware,High,Team B,24,27,True
41,2025-06-09,2025-06-12 19:00:00,Network,Low,Team B,72,91,True
42,2025-02-21,2025-02-21 15:00:00,Software,High,Team B,24,15,False
43,2025-05-11,2025-05-13 11:00:00,Network,High,Team A,24,59,True
44,2025-01-02,2025-01-02 05:00:00,Security,Medium,Team C,48,5,False
45,2025-05-09,2025-05-09 22:00:00,Software,Medium,Team A,48,22,False
46,2025-06-21,2025-06-24 21:00:00,Security,Medium,Team C,48,93,True
47,2025-03-09,2025-03-11 10:00:00,Hardware,High,Team A,24,58,True
48,2025-02-07,2025-02-08 03:00:00,Network,Medium,Team B,48,27,False
49,2025-05-19,2025-05-19 19:00:00,Network,Low,Team C,72,19,False
50,2025-03-11,2025-03-14 11:00:00,Network,High,Team C,24,83,True
51,2025-06-13,2025-06-13 22:00:00,Software,High,Team C,24,22,False
52,2025-05-27,2025-05-27 23:00:00,Security,High,Team A,24,23,False
53,2025-06-10,2025-06-11 19:00:00,Security,High,Team B,24,43,True
54,2025-04-14,2025-04-14 04:00:00,Hardware,Low,Team A,72,4,False
55,2025-06-27,2025-06-28 02:00:00,Hardware,Medium,Team B,48,26,False
56,2025-04-09,2025-04-09 10:00:00,Security,Medium,Team A,48,10,False
57,2025-03-01,2025-03-01 05:00:00,Network,Medium,Team A,48,5,False
58,2025-02-06,2025-02-07 11:00:00,Hardware,High,Team A,24,35,True
59,2025-04-09,2025-04-09 22:00:00,Security,High,Team B,24,22,False
60,2025-04-30,2025-05-01 12:00:00,Security,High,Team A,24,36,True
61,2025-06-13,2025-06-14 17:00:00,Security,Medium,Team C,48,41,False
62,2025-04-22,2025-04-25 20:00:00,Hardware,Low,Team A,72,92,True
63,2025-05-26,2025-05-29 13:00:00,Software,Medium,Team C,48,85,True
64,2025-06-18,2025-06-19 12:00:00,Security,Low,Team B,72,36,False
65,2025-01-21,2025-01-23 03:00:00,Security,High,Team C,24,51,True
66,2025-05-25,2025-05-26 12:00:00,Security,High,Team C,24,36,True
67,2025-04-29,2025-04-30 01:00:00,Software,Medium,Team B,48,25,False
68,2025-04-19,2025-04-21 06:00:00,Software,High,Team C,24,54,True
69,2025-01-21,2025-01-22 09:00:00,Network,High,Team A,24,33,True
70,2025-03-02,2025-03-04 03:00:00,Hardware,High,Team A,24,51,True
71,2025-01-17,2025-01-18 23:00:00,Security,Medium,Team A,48,47,False
72,2025-02-15,2025-02-15 09:00:00,Hardware,Low,Team A,72,9,False
73,2025-01-24,2025-01-26 01:00:00,Network,High,Team C,24,49,True
74,2025-04-26,2025-04-28 18:00:00,Network,Low,Team C,72,66,False
75,2025-06-10,2025-06-12 22:00:00,Security,Medium,Team A,48,70,True
76,2025-02-23,2025-02-25 13:00:00,Hardware,Medium,Team B,48,61,True
77,2025-02-01,2025-02-03 02:00:00,Software,High,Team B,24,50,True
78,2025-05-07,2025-05-08 06:00:00,Software,Medium,Team B,48,30,False
79,2025-01-17,2025-01-18 12:00:00,Network,High,Team B,24,36,True
80,2025-06-25,2025-06-26 18:00:00,Network,Medium,Team C,48,42,False
81,2025-01-26,2025-01-28 05:00:00,Network,Low,Team B,72,53,False
82,2025-05-15,2025-05-17 12:00:00,Security,Low,Team A,72,60,False
83,2025-01-08,2025-01-08 19:00:00,Software,High,Team C,24,19,False
84,2025-05-23,2025-05-26 23:00:00,Software,Medium,Team C,48,95,True
85,2025-03-27,2025-03-29 06:00:00,Network,Medium,Team C,48,54,True
86,2025-05-05,2025-05-06 01:00:00,Software,Medium,Team B,48,25,False
87,2025-02-18,2025-02-20 07:00:00,Software,Medium,Team C,48,55,True
88,2025-02-23,2025-02-25 15:00:00,Network,Low,Team A,72,63,False
89,2025-03-01,2025-03-01 08:00:00,Hardware,Medium,Team A,48,8,False
90,2025-04-26,2025-04-28 02:00:00,Hardware,High,Team A,24,50,True
91,2025-04-24,2025-04-25 09:00:00,Hardware,Low,Team C,72,33,False
92,2025-01-19,2025-01-22 23:00:00,Software,High,Team B,24,95,True
93,2025-04-27,2025-04-29 17:00:00,Hardware,High,Team A,24,65,True
94,2025-05-20,2025-05-20 04:00:00,Software,Medium,Team A,48,4,False
95,2025-02-03,2025-02-05 03:00:00,Network,Low,Team A,72,51,False
96,2025-05-09,2025-05-09 19:00:00,Network,High,Team C,24,19,False
97,2025-03-10,2025-03-11 01:00:00,Network,High,Team C,24,25,True
98,2025-03-17,2025-03-18 05:00:00,Security,High,Team A,24,29,True
99,2025-03-27,2025-03-29 12:00:00,Network,Medium,Team A,48,60,True
100,2025-02-16,2025-02-18 17:00:00,Security,Low,Team B,72,65,False
101,2025-06-25,2025-06-28 16:00:00,Hardware,Low,Team B,72,88,True
102,2025-04-11,2025-04-12 02:00:00,Software,Medium,Team B,48,26,False
103,2025-03-10,2025-03-11 13:00:00,Security,High,Team B,24,37,True
104,2025-05-27,2025-05-29 13:00:00,Security,Low,Team A,72,61,False
105,2025-01-04,2025-01-04 19:00:00,Security,High,Team B,24,19,False
106,2025-05-08,2025-05-09 11:00:00,Hardware,Medium,Team C,48,35,False
107,2025-05-04,2025-05-05 12:00:00,Network,Low,Team C,72,36,False
108,2025-06-20,2025-06-20 15:00:00,Hardware,Low,Team A,72,15,False
109,2025-06-17,2025-06-20 05:00:00,Hardware,Low,Team A,72,77,True
110,2025-01-12,2025-01-14 01:00:00,Software,Low,Team C,72,49,False
111,2025-02-04,2025-02-07 18:00:00,Network,Medium,Team A,48,90,True
112,2025-06-03,2025-06-06 05:00:00,Software,Medium,Team B,48,77,True
113,2025-04-25,2025-04-25 10:00:00,Security,Medium,Team A,48,10,False
114,2025-04-24,2025-04-27 06:00:00,Network,Low,Team A,72,78,True
115,2025-06-13,2025-06-13 13:00:00,Network,Low,Team C,72,13,False
116,2025-06-26,2025-06-27 15:00:00,Software,Low,Team C,72,39,False
117,2025-04-06,2025-04-07 03:00:00,Hardware,Medium,Team A,48,27,False
118,2025-01-12,2025-01-14 10:00:00,Network,High,Team A,24,58,True
119,2025-04-09,2025-04-10 09:00:00,Network,Low,Team B,72,33,False
120,2025-03-25,2025-03-28 20:00:00,Software,Low,Team C,72,92,True
121,2025-01-19,2025-01-21 04:00:00,Security,Low,Team A,72,52,False
122,2025-05-27,2025-05-30 07:00:00,Network,High,Team B,24,79,True
123,2025-05-08,2025-05-10 07:00:00,Hardware,Medium,Team C,48,55,True
124,2025-05-24,2025-05-27 00:00:00,Hardware,Low,Team C,72,72,False
125,2025-02-22,2025-02-23 02:00:00,Security,Low,Team C,72,26,False
126,2025-04-19,2025-04-21 08:00:00,Software,Medium,Team C,48,56,True
127,2025-05-22,2025-05-22 08:00:00,Hardware,High,Team A,24,8,False
128,2025-03-16,2025-03-16 21:00:00,Hardware,Low,Team B,72,21,False
129,2025-05-25,2025-05-25 10:00:00,Software,Low,Team B,72,10,False
130,2025-05-17,2025-05-19 05:00:00,Hardware,Medium,Team B,48,53,True
131,2025-01-05,2025-01-06 08:00:00,Network,Medium,Team C,48,32,False
132,2025-05-16,2025-05-18 20:00:00,Software,Low,Team C,72,68,False
133,2025-03-12,2025-03-15 20:00:00,Network,Medium,Team C,48,92,True
134,2025-01-19,2025-01-21 16:00:00,Security,Medium,Team C,48,64,True
135,2025-04-01,2025-04-04 05:00:00,Software,High,Team C,24,77,True
136,2025-05-06,2025-05-08 22:00:00,Network,Low,Team B,72,70,False
137,2025-05-06,2025-05-08 13:00:00,Security,Low,Team C,72,61,False
138,2025-04-15,2025-04-16 18:00:00,Network,High,Team A,24,42,True
139,2025-04-02,2025-04-04 17:00:00,Network,High,Team A,24,65,True
140,2025-06-02,2025-06-04 11:00:00,Network,Medium,Team A,48,59,True
141,2025-05-14,2025-05-16 13:00:00,Security,Low,Team A,72,61,False
142,2025-03-02,2025-03-04 02:00:00,Network,Medium,Team A,48,50,True
143,2025-06-13,2025-06-13 22:00:00,Security,Low,Team B,72,22,False
144,2025-02-16,2025-02-18 04:00:00,Software,High,Team C,24,52,True
145,2025-01-01,2025-01-03 09:00:00,Software,High,Team C,24,57,True
146,2025-01-12,2025-01-15 05:00:00,Security,Medium,Team A,48,77,True
147,2025-01-08,2025-01-11 23:00:00,Security,Medium,Team B,48,95,True
148,2025-03-01,2025-03-03 05:00:00,Security,Low,Team A,72,53,False
149,2025-06-04,2025-06-06 18:00:00,Network,Low,Team A,72,66,False
150,2025-06-06,2025-06-06 16:00:00,Software,High,Team A,24,16,False
151,2025-05-14,2025-05-17 13:00:00,Hardware,Low,Team C,72,85,True
152,2025-06-02,2025-06-04 21:00:00,Software,Medium,Team B,48,69,True
153,2025-04-19,2025-04-19 08:00:00,Hardware,Low,Team B,72,8,False
154,2025-03-06,2025-03-06 21:00:00,Security,High,Team A,24,21,False
155,2025-01-11,2025-01-14 16:00:00,Software,High,Team A,24,88,True
156,2025-03-27,2025-03-29 14:00:00,Hardware,Low,Team A,72,62,False
157,2025-06-10,2025-06-10 04:00:00,Network,High,Team B,24,4,False
158,2025-04-05,2025-04-05 08:00:00,Software,High,Team A,24,8,False
159,2025-01-23,2025-01-25 08:00:00,Network,Medium,Team B,48,56,True
160,2025-03-24,2025-03-24 20:00:00,Network,Medium,Team A,48,20,False
161,2025-04-20,2025-04-20 04:00:00,Hardware,Low,Team A,72,4,False
162,2025-01-04,2025-01-06 17:00:00,Network,Low,Team B,72,65,False
163,2025-04-02,2025-04-05 03:00:00,Hardware,Medium,Team B,48,75,True
164,2025-06-11,2025-06-13 09:00:00,Software,High,Team C,24,57,True
165,2025-02-19,2025-02-19 15:00:00,Network,Medium,Team A,48,15,False
166,2025-02-26,2025-02-26 20:00:00,Security,High,Team C,24,20,False
167,2025-05-31,2025-06-03 10:00:00,Network,Low,Team B,72,82,True
168,2025-03-07,2025-03-10 06:00:00,Hardware,High,Team B,24,78,True
169,2025-02-07,2025-02-09 05:00:00,Software,Medium,Team B,48,53,True
170,2025-03-20,2025-03-23 22:00:00,Hardware,High,Team B,24,94,True
171,2025-02-21,2025-02-22 17:00:00,Network,High,Team B,24,41,True
172,2025-04-16,2025-04-18 06:00:00,Network,Low,Team A,72,54,False
173,2025-05-12,2025-05-12 13:00:00,Security,Low,Team B,72,13,False
174,2025-01-17,2025-01-20 15:00:00,Security,Low,Team B,72,87,True
175,2025-01-06,2025-01-08 08:00:00,Software,Low,Team B,72,56,False
176,2025-02-12,2025-02-15 06:00:00,Hardware,High,Team A,24,78,True
177,2025-05-31,2025-06-02 10:00:00,Security,High,Team C,24,58,True
178,2025-04-28,2025-04-28 19:00:00,Security,Low,Team C,72,19,False
179,2025-04-06,2025-04-08 22:00:00,Hardware,Low,Team B,72,70,False
180,2025-03-02,2025-03-04 06:00:00,Hardware,Low,Team A,72,54,False
181,2025-04-02,2025-04-03 21:00:00,Network,Medium,Team A,48,45,False
182,2025-03-11,2025-03-11 04:00:00,Network,Low,Team B,72,4,False
183,2025-02-15,2025-02-16 13:00:00,Network,Medium,Team B,48,37,False
184,2025-02-14,2025-02-15 06:00:00,Network,Medium,Team A,48,30,False
185,2025-02-16,2025-02-19 17:00:00,Hardware,Medium,Team C,48,89,True
186,2025-03-04,2025-03-06 03:00:00,Network,Low,Team B,72,51,False
187,2025-02-05,2025-02-05 04:00:00,Security,Low,Team C,72,4,False
188,2025-06-29,2025-07-02 10:00:00,Hardware,High,Team B,24,82,True
189,2025-01-14,2025-01-17 21:00:00,Security,High,Team B,24,93,True
190,2025-05-10,2025-05-11 05:00:00,Software,High,Team C,24,29,True
191,2025-01-07,2025-01-07 06:00:00,Hardware,High,Team B,24,6,False
192,2025-04-17,2025-04-17 21:00:00,Software,Medium,Team C,48,21,False
193,2025-04-25,2025-04-25 18:00:00,Security,Low,Team C,72,18,False
194,2025-01-28,2025-01-31 05:00:00,Hardware,Low,Team A,72,77,True
195,2025-03-27,2025-03-30 21:00:00,Software,Low,Team A,72,93,True
196,2025-01-13,2025-01-16 15:00:00,Network,Medium,Team C,48,87,True
197,2025-04-19,2025-04-19 21:00:00,Hardware,High,Team B,24,21,False
198,2025-02-03,2025-02-03 11:00:00,Security,Low,Team C,72,11,False
199,2025-02-11,2025-02-12 20:00:00,Network,Medium,Team B,48,44,False
200,2025-03-05,2025-03-07 14:00:00,Security,High,Team A,24,62,True
201,2025-05-01,2025-05-02 12:00:00,Network,Medium,Team A,48,36,False
202,2025-03-11,2025-03-11 07:00:00,Software,High,Team B,24,7,False
203,2025-03-03,2025-03-04 03:00:00,Hardware,Low,Team C,72,27,False
204,2025-05-11,2025-05-12 10:00:00,Security,Low,Team C,72,34,False
205,2025-01-06,2025-01-08 21:00:00,Security,High,Team C,24,69,True
206,2025-05-14,2025-05-16 06:00:00,Software,Low,Team B,72,54,False
207,2025-03-20,2025-03-23 06:00:00,Security,Medium,Team C,48,78,True
208,2025-06-22,2025-06-23 23:00:00,Network,Medium,Team B,48,47,False
209,2025-04-28,2025-04-30 23:00:00,Hardware,Low,Team A,72,71,False
210,2025-05-20,2025-05-22 02:00:00,Network,Medium,Team B,48,50,True
211,2025-03-05,2025-03-06 17:00:00,Network,Medium,Team C,48,41,False
212,2025-04-10,2025-04-13 08:00:00,Hardware,High,Team A,24,80,True
213,2025-05-14,2025-05-16 05:00:00,Security,Medium,Team A,48,53,True
214,2025-05-31,2025-05-31 13:00:00,Security,Medium,Team A,48,13,False
215,2025-06-17,2025-06-17 05:00:00,Security,Low,Team C,72,5,False
216,2025-04-11,2025-04-14 04:00:00,Network,Low,Team C,72,76,True
217,2025-05-23,2025-05-24 03:00:00,Software,High,Team C,24,27,True
218,2025-04-04,2025-04-06 04:00:00,Network,Medium,Team B,48,52,True
219,2025-03-19,2025-03-22 06:00:00,Network,Medium,Team C,48,78,True
220,2025-02-04,2025-02-04 04:00:00,Security,Medium,Team A,48,4,False
221,2025-03-13,2025-03-13 14:00:00,Network,Low,Team B,72,14,False
222,2025-03-01,2025-03-02 09:00:00,Hardware,Low,Team A,72,33,False
223,2025-01-05,2025-01-08 14:00:00,Hardware,Medium,Team B,48,86,True
224,2025-03-03,2025-03-03 07:00:00,Network,Low,Team B,72,7,False
225,2025-03-30,2025-03-30 21:00:00,Security,High,Team B,24,21,False
226,2025-02-01,2025-02-03 06:00:00,Network,Medium,Team A,48,54,True
227,2025-01-23,2025-01-25 18:00:00,Hardware,Low,Team A,72,66,False
228,2025-05-25,2025-05-27 21:00:00,Software,Low,Team C,72,69,False
229,2025-02-08,2025-02-10 06:00:00,Software,Medium,Team C,48,54,True
230,2025-05-15,2025-05-17 06:00:00,Security,Medium,Team C,48,54,True
231,2025-04-21,2025-04-22 08:00:00,Network,Medium,Team C,48,32,False
232,2025-06-04,2025-06-05 15:00:00,Network,Medium,Team A,48,39,False
233,2025-04-07,2025-04-08 06:00:00,Hardware,Low,Team B,72,30,False
234,2025-03-27,2025-03-29 21:00:00,Software,Low,Team C,72,69,False
235,2025-03-15,2025-03-16 17:00:00,Network,High,Team C,24,41,True
236,2025-04-19,2025-04-22 19:00:00,Security,High,Team A,24,91,True
237,2025-05-16,2025-05-16 08:00:00,Network,High,Team A,24,8,False
238,2025-05-10,2025-05-11 06:00:00,Hardware,High,Team C,24,30,True
239,2025-06-13,2025-06-14 15:00:00,Software,High,Team C,24,39,True
240,2025-03-10,2025-03-10 23:00:00,Hardware,Medium,Team B,48,23,False
241,2025-04-14,2025-04-15 17:00:00,Software,High,Team C,24,41,True
242,2025-03-31,2025-04-02 01:00:00,Hardware,Medium,Team A,48,49,True
243,2025-04-14,2025-04-16 17:00:00,Software,Low,Team A,72,65,False
244,2025-04-21,2025-04-23 15:00:00,Hardware,Low,Team A,72,63,False
245,2025-03-13,2025-03-16 23:00:00,Hardware,Medium,Team A,48,95,True
246,2025-02-20,2025-02-21 08:00:00,Software,Low,Team B,72,32,False
247,2025-01-11,2025-01-12 02:00:00,Network,Medium,Team A,48,26,False
248,2025-05-29,2025-06-01 21:00:00,Software,Medium,Team C,48,93,True
249,2025-02-26,2025-02-26 04:00:00,Hardware,Medium,Team C,48,4,False
250,2025-04-25,2025-04-26 19:00:00,Hardware,Low,Team C,72,43,False
251,2025-02-22,2025-02-22 12:00:00,Software,Low,Team A,72,12,False
252,2025-06-03,2025-06-04 20:00:00,Hardware,High,Team A,24,44,True
253,2025-03-31,2025-04-03 06:00:00,Software,Medium,Team C,48,78,True
254,2025-06-11,2025-06-14 22:00:00,Network,High,Team C,24,94,True
255,2025-04-18,2025-04-20 06:00:00,Software,Low,Team C,72,54,False
256,2025-06-29,2025-07-02 01:00:00,Network,Low,Team A,72,73,True
257,2025-01-29,2025-01-31 18:00:00,Hardware,Medium,Team B,48,66,True
258,2025-06-05,2025-06-08 16:00:00,Network,High,Team A,24,88,True
259,2025-03-25,2025-03-27 04:00:00,Security,Medium,Team B,48,52,True
260,2025-03-04,2025-03-06 16:00:00,Security,Low,Team C,72,64,False
261,2025-01-01,2025-01-01 16:00:00,Software,High,Team C,24,16,False
262,2025-05-03,2025-05-05 11:00:00,Hardware,Medium,Team B,48,59,True
263,2025-01-29,2025-01-31 04:00:00,Network,Low,Team B,72,52,False
264,2025-05-24,2025-05-25 19:00:00,Hardware,Medium,Team A,48,43,False
265,2025-03-19,2025-03-21 02:00:00,Software,Medium,Team B,48,50,True
266,2025-04-23,2025-04-24 17:00:00,Hardware,High,Team A,24,41,True
267,2025-01-08,2025-01-09 08:00:00,Hardware,High,Team C,24,32,True
268,2025-02-01,2025-02-01 13:00:00,Software,High,Team B,24,13,False
269,2025-06-11,2025-06-14 18:00:00,Hardware,Medium,Team C,48,90,True
270,2025-04-03,2025-04-03 11:00:00,Network,Low,Team C,72,11,False
271,2025-03-08,2025-03-11 19:00:00,Hardware,High,Team C,24,91,True
272,2025-03-13,2025-03-15 09:00:00,Network,High,Team A,24,57,True
273,2025-03-08,2025-03-10 06:00:00,Network,High,Team B,24,54,True
274,2025-02-04,2025-02-07 19:00:00,Software,Medium,Team C,48,91,True
275,2025-05-24,2025-05-26 23:00:00,Security,Low,Team B,72,71,False
276,2025-05-22,2025-05-24 10:00:00,Security,Medium,Team C,48,58,True
277,2025-03-15,2025-03-15 10:00:00,Network,High,Team A,24,10,False
278,2025-05-27,2025-05-27 22:00:00,Security,Low,Team B,72,22,False
279,2025-01-02,2025-01-02 04:00:00,Hardware,Low,Team C,72,4,False
280,2025-05-10,2025-05-12 22:00:00,Hardware,High,Team A,24,70,True
281,2025-02-06,2025-02-07 17:00:00,Security,Medium,Team A,48,41,False
282,2025-02-22,2025-02-23 23:00:00,Hardware,Medium,Team B,48,47,False
283,2025-04-18,2025-04-19 03:00:00,Network,Medium,Team B,48,27,False
284,2025-04-30,2025-05-02 14:00:00,Software,High,Team A,24,62,True
285,2025-04-24,2025-04-27 12:00:00,Software,Low,Team B,72,84,True
286,2025-01-25,2025-01-28 04:00:00,Software,Medium,Team C,48,76,True
287,2025-01-04,2025-01-05 05:00:00,Software,Low,Team A,72,29,False
288,2025-04-08,2025-04-11 18:00:00,Network,High,Team B,24,90,True
289,2025-05-26,2025-05-29 16:00:00,Software,Low,Team B,72,88,True
290,2025-02-03,2025-02-03 20:00:00,Network,Low,Team B,72,20,False
291,2025-05-02,2025-05-05 07:00:00,Hardware,Low,Team B,72,79,True
292,2025-03-27,2025-03-30 16:00:00,Hardware,Low,Team C,72,88,True
293,2025-05-14,2025-05-17 22:00:00,Security,Medium,Team A,48,94,True
294,2025-02-22,2025-02-25 02:00:00,Software,Low,Team A,72,74,True
295,2025-06-03,2025-06-06 16:00:00,Security,Medium,Team B,48,88,True
296,2025-02-15,2025-02-17 19:00:00,Software,Medium,Team C,48,67,True
297,2025-02-20,2025-02-22 08:00:00,Security,High,Team B,24,56,True
298,2025-01-29,2025-01-30 00:00:00,Hardware,High,Team A,24,24,False
299,2025-02-08,2025-02-10 09:00:00,Software,High,Team C,24,57,True
300,2025-06-01,2025-06-02 01:00:00,Network,Low,Team B,72,25,False
301,2025-02-05,2025-02-05 23:00:00,Hardware,High,Team C,24,23,False
302,2025-03-22,2025-03-24 17:00:00,Hardware,Low,Team C,72,65,False
303,2025-06-03,2025-06-05 21:00:00,Network,Low,Team A,72,69,False
304,2025-02-09,2025-02-09 20:00:00,Network,Low,Team A,72,20,False
305,2025-06-20,2025-06-21 21:00:00,Network,High,Team C,24,45,True
306,2025-05-11,2025-05-12 23:00:00,Hardware,Medium,Team B,48,47,False
307,2025-04-08,2025-04-08 15:00:00,Hardware,Low,Team C,72,15,False
308,2025-02-18,2025-02-20 16:00:00,Network,Medium,Team A,48,64,True
309,2025-02-24,2025-02-26 02:00:00,Security,Medium,Team C,48,50,True
310,2025-01-08,2025-01-09 00:00:00,Network,High,Team A,24,24,False
311,2025-04-28,2025-05-01 11:00:00,Software,Low,Team B,72,83,True
312,2025-03-30,2025-03-30 15:00:00,Hardware,High,Team B,24,15,False
313,2025-04-19,2025-04-20 05:00:00,Hardware,Medium,Team C,48,29,False
314,2025-05-25,2025-05-26 02:00:00,Software,Low,Team B,72,26,False
315,2025-05-15,2025-05-15 17:00:00,Hardware,Low,Team C,72,17,False
316,2025-05-17,2025-05-19 03:00:00,Security,Medium,Team C,48,51,True
317,2025-03-23,2025-03-24 18:00:00,Hardware,Medium,Team C,48,42,False
318,2025-04-13,2025-04-13 20:00:00,Software,High,Team C,24,20,False
319,2025-04-18,2025-04-20 15:00:00,Network,Medium,Team C,48,63,True
320,2025-02-06,2025-02-07 22:00:00,Security,Medium,Team C,48,46,False
321,2025-04-18,2025-04-19 18:00:00,Hardware,Low,Team A,72,42,False
322,2025-06-02,2025-06-02 16:00:00,Software,Low,Team A,72,16,False
323,2025-06-19,2025-06-21 21:00:00,Hardware,High,Team B,24,69,True
324,2025-02-03,2025-02-04 09:00:00,Hardware,High,Team A,24,33,True
325,2025-05-21,2025-05-21 21:00:00,Security,High,Team C,24,21,False
326,2025-02-08,2025-02-10 01:00:00,Security,Low,Team B,72,49,False
327,2025-03-03,2025-03-05 12:00:00,Security,High,Team A,24,60,True
328,2025-01-10,2025-01-11 09:00:00,Network,High,Team C,24,33,True
329,2025-03-25,2025-03-25 08:00:00,Network,Medium,Team A,48,8,False
330,2025-01-03,2025-01-05 00:00:00,Software,Medium,Team B,48,48,False
331,2025-03-09,2025-03-09 21:00:00,Software,Low,Team A,72,21,False
332,2025-06-25,2025-06-27 20:00:00,Network,Medium,Team C,48,68,True
333,2025-03-14,2025-03-14 18:00:00,Network,Low,Team C,72,18,False
334,2025-02-06,2025-02-08 16:00:00,Network,High,Team B,24,64,True
335,2025-02-08,2025-02-10 11:00:00,Hardware,Medium,Team C,48,59,True
336,2025-03-03,2025-03-06 08:00:00,Software,Low,Team C,72,80,True
337,2025-02-21,2025-02-21 07:00:00,Hardware,Low,Team C,72,7,False
338,2025-02-23,2025-02-26 05:00:00,Hardware,Medium,Team A,48,77,True
339,2025-06-18,2025-06-18 06:00:00,Security,Medium,Team A,48,6,False
340,2025-01-05,2025-01-07 09:00:00,Hardware,High,Team A,24,57,True
341,2025-01-09,2025-01-09 23:00:00,Software,Low,Team A,72,23,False
342,2025-05-03,2025-05-04 14:00:00,Software,Medium,Team B,48,38,False
343,2025-05-25,2025-05-28 19:00:00,Hardware,High,Team B,24,91,True
344,2025-01-13,2025-01-16 20:00:00,Network,Medium,Team A,48,92,True
345,2025-04-08,2025-04-08 14:00:00,Network,High,Team C,24,14,False
346,2025-01-29,2025-01-29 12:00:00,Hardware,Low,Team B,72,12,False
347,2025-03-17,2025-03-18 21:00:00,Network,High,Team A,24,45,True
348,2025-01-05,2025-01-05 14:00:00,Hardware,Medium,Team C,48,14,False
349,2025-02-07,2025-02-10 03:00:00,Hardware,Low,Team B,72,75,True
350,2025-05-26,2025-05-29 01:00:00,Network,Low,Team A,72,73,True
351,2025-03-22,2025-03-23 19:00:00,Network,Medium,Team A,48,43,False
352,2025-04-25,2025-04-27 13:00:00,Hardware,Medium,Team C,48,61,True
353,2025-02-02,2025-02-02 09:00:00,Security,High,Team A,24,9,False
354,2025-02-28,2025-03-02 14:00:00,Security,Low,Team A,72,62,False
355,2025-04-17,2025-04-19 00:00:00,Network,Low,Team B,72,48,False
356,2025-04-10,2025-04-12 18:00:00,Hardware,Medium,Team C,48,66,True
357,2025-05-13,2025-05-15 00:00:00,Software,Low,Team C,72,48,False
358,2025-01-31,2025-02-01 02:00:00,Software,Medium,Team C,48,26,False
359,2025-06-07,2025-06-08 18:00:00,Hardware,Medium,Team B,48,42,False
360,2025-03-18,2025-03-18 15:00:00,Hardware,Medium,Team A,48,15,False
361,2025-02-15,2025-02-16 06:00:00,Network,Low,Team A,72,30,False
362,2025-04-14,2025-04-16 15:00:00,Security,Low,Team C,72,63,False
363,2025-03-11,2025-03-14 14:00:00,Software,High,Team B,24,86,True
364,2025-03-04,2025-03-05 07:00:00,Security,High,Team B,24,31,True
365,2025-02-06,2025-02-07 01:00:00,Security,Medium,Team C,48,25,False
366,2025-01-17,2025-01-17 15:00:00,Software,Low,Team B,72,15,False
367,2025-04-28,2025-04-30 20:00:00,Software,Medium,Team C,48,68,True
368,2025-02-19,2025-02-19 17:00:00,Security,High,Team A,24,17,False
369,2025-06-13,2025-06-15 07:00:00,Network,High,Team A,24,55,True
370,2025-05-19,2025-05-20 12:00:00,Software,High,Team C,24,36,True
371,2025-06-09,2025-06-11 06:00:00,Hardware,Medium,Team C,48,54,True
372,2025-01-26,2025-01-28 01:00:00,Software,Low,Team A,72,49,False
373,2025-04-09,2025-04-09 16:00:00,Network,High,Team C,24,16,False
374,2025-04-29,2025-04-30 08:00:00,Network,High,Team B,24,32,True
375,2025-06-24,2025-06-27 09:00:00,Security,Medium,Team C,48,81,True
376,2025-01-27,2025-01-29 22:00:00,Network,Medium,Team A,48,70,True
377,2025-01-21,2025-01-23 02:00:00,Security,Low,Team C,72,50,False
378,2025-03-25,2025-03-25 09:00:00,Hardware,Low,Team A,72,9,False
379,2025-05-11,2025-05-11 04:00:00,Software,Medium,Team C,48,4,False
380,2025-06-11,2025-06-13 16:00:00,Hardware,Low,Team A,72,64,False
381,2025-01-24,2025-01-24 15:00:00,Software,High,Team C,24,15,False
382,2025-03-13,2025-03-15 15:00:00,Software,Low,Team A,72,63,False
383,2025-04-03,2025-04-05 08:00:00,Security,High,Team C,24,56,True
384,2025-06-23,2025-06-25 05:00:00,Security,High,Team C,24,53,True
385,2025-04-03,2025-04-05 19:00:00,Security,Low,Team B,72,67,False
386,2025-05-11,2025-05-11 23:00:00,Software,High,Team A,24,23,False
387,2025-01-17,2025-01-20 15:00:00,Security,Low,Team B,72,87,True
388,2025-06-25,2025-06-27 15:00:00,Hardware,Medium,Team B,48,63,True
389,2025-04-27,2025-04-27 05:00:00,Security,High,Team A,24,5,False
390,2025-03-13,2025-03-14 00:00:00,Software,Medium,Team B,48,24,False
391,2025-04-20,2025-04-21 17:00:00,Security,High,Team A,24,41,True
392,2025-02-02,2025-02-03 20:00:00,Security,High,Team B,24,44,True
393,2025-06-28,2025-07-01 19:00:00,Network,Low,Team A,72,91,True
394,2025-02-15,2025-02-16 11:00:00,Hardware,Medium,Team B,48,35,False
395,2025-04-02,2025-04-02 23:00:00,Network,Medium,Team B,48,23,False
396,2025-04-07,2025-04-07 05:00:00,Network,Low,Team A,72,5,False
397,2025-06-07,2025-06-08 12:00:00,Network,Medium,Team B,48,36,False
398,2025-04-13,2025-04-15 21:00:00,Software,High,Team B,24,69,True
399,2025-06-23,2025-06-23 18:00:00,Software,Medium,Team C,48,18,False
400,2025-06-21,2025-06-23 04:00:00,Security,High,Team A,24,52,True
401,2025-05-03,2025-05-03 09:00:00,Network,Medium,Team A,48,9,False
402,2025-04-13,2025-04-14 11:00:00,Network,Medium,Team B,48,35,False
403,2025-04-02,2025-04-04 17:00:00,Security,Medium,Team C,48,65,True
404,2025-05-07,2025-05-07 10:00:00,Hardware,Medium,Team B,48,10,False
405,2025-01-22,2025-01-23 05:00:00,Hardware,High,Team C,24,29,True
406,2025-02-10,2025-02-12 15:00:00,Software,Medium,Team C,48,63,True
407,2025-01-12,2025-01-15 18:00:00,Security,Low,Team A,72,90,True
408,2025-02-14,2025-02-14 22:00:00,Hardware,Medium,Team A,48,22,False
409,2025-05-16,2025-05-18 08:00:00,Hardware,High,Team B,24,56,True
410,2025-05-26,2025-05-29 14:00:00,Software,Low,Team A,72,86,True
411,2025-02-28,2025-02-28 06:00:00,Security,Medium,Team C,48,6,False
412,2025-02-04,2025-02-06 16:00:00,Network,Medium,Team C,48,64,True
413,2025-04-07,2025-04-07 10:00:00,Security,Low,Team B,72,10,False
414,2025-06-08,2025-06-10 13:00:00,Network,Low,Team B,72,61,False
415,2025-01-20,2025-01-22 15:00:00,Security,Medium,Team A,48,63,True
416,2025-06-28,2025-06-29 15:00:00,Software,Low,Team B,72,39,False
417,2025-03-07,2025-03-10 10:00:00,Software,Medium,Team C,48,82,True
418,2025-06-19,2025-06-21 13:00:00,Software,Low,Team C,72,61,False
419,2025-01-18,2025-01-19 19:00:00,Network,High,Team A,24,43,True
420,2025-04-09,2025-04-10 05:00:00,Security,Medium,Team C,48,29,False
421,2025-02-11,2025-02-12 23:00:00,Software,Medium,Team B,48,47,False
422,2025-04-29,2025-04-30 16:00:00,Network,Medium,Team A,48,40,False
423,2025-02-10,2025-02-12 17:00:00,Software,Low,Team C,72,65,False
424,2025-01-14,2025-01-17 20:00:00,Security,Medium,Team C,48,92,True
425,2025-03-11,2025-03-11 20:00:00,Hardware,Low,Team A,72,20,False
426,2025-01-28,2025-01-30 21:00:00,Hardware,Low,Team A,72,69,False
427,2025-06-17,2025-06-20 07:00:00,Security,Low,Team C,72,79,True
428,2025-02-16,2025-02-17 10:00:00,Hardware,Medium,Team C,48,34,False
429,2025-04-28,2025-04-28 17:00:00,Security,Medium,Team A,48,17,False
430,2025-01-10,2025-01-13 07:00:00,Software,Low,Team A,72,79,True
431,2025-05-13,2025-05-13 23:00:00,Security,High,Team A,24,23,False
432,2025-02-26,2025-02-28 19:00:00,Software,Low,Team C,72,67,False
433,2025-06-14,2025-06-16 02:00:00,Network,Low,Team A,72,50,False
434,2025-04-30,2025-05-01 23:00:00,Security,High,Team C,24,47,True
435,2025-05-14,2025-05-16 16:00:00,Security,Medium,Team B,48,64,True
436,2025-05-10,2025-05-13 04:00:00,Hardware,Low,Team B,72,76,True
437,2025-01-29,2025-01-29 04:00:00,Hardware,High,Team B,24,4,False
438,2025-02-28,2025-03-03 00:00:00,Network,Low,Team C,72,72,False
439,2025-01-12,2025-01-12 23:00:00,Network,Medium,Team C,48,23,False
440,2025-02-12,2025-02-15 20:00:00,Software,Low,Team A,72,92,True
441,2025-02-08,2025-02-10 11:00:00,Hardware,High,Team B,24,59,True
442,2025-05-31,2025-06-01 23:00:00,Software,High,Team B,24,47,True
443,2025-02-14,2025-02-16 07:00:00,Security,Medium,Team B,48,55,True
444,2025-05-04,2025-05-04 11:00:00,Software,Low,Team A,72,11,False
445,2025-01-08,2025-01-09 08:00:00,Security,Medium,Team A,48,32,False
446,2025-03-27,2025-03-29 02:00:00,Software,Low,Team C,72,50,False
447,2025-04-29,2025-05-02 21:00:00,Hardware,Medium,Team B,48,93,True
448,2025-04-24,2025-04-27 13:00:00,Network,Medium,Team C,48,85,True
449,2025-04-23,2025-04-26 07:00:00,Hardware,Low,Team B,72,79,True
450,2025-02-02,2025-02-02 04:00:00,Hardware,High,Team B,24,4,False
451,2025-02-22,2025-02-24 03:00:00,Network,Low,Team B,72,51,False
452,2025-03-04,2025-03-07 04:00:00,Network,Low,Team A,72,76,True
453,2025-06-25,2025-06-25 16:00:00,Network,Low,Team A,72,16,False
454,2025-06-08,2025-06-11 06:00:00,Security,Medium,Team A,48,78,True
455,2025-04-12,2025-04-12 07:00:00,Software,High,Team B,24,7,False
456,2025-03-23,2025-03-23 16:00:00,Network,High,Team C,24,16,False
457,2025-04-19,2025-04-22 06:00:00,Network,Medium,Team B,48,78,True
458,2025-03-30,2025-04-02 16:00:00,Hardware,Low,Team B,72,88,True
459,2025-05-23,2025-05-24 00:00:00,Hardware,Low,Team A,72,24,False
460,2025-06-10,2025-06-12 04:00:00,Security,Low,Team C,72,52,False
461,2025-06-21,2025-06-24 21:00:00,Hardware,High,Team B,24,93,True
462,2025-03-15,2025-03-17 21:00:00,Software,Low,Team C,72,69,False
463,2025-03-26,2025-03-27 05:00:00,Security,Medium,Team B,48,29,False
464,2025-06-05,2025-06-06 05:00:00,Network,Low,Team B,72,29,False
465,2025-02-17,2025-02-18 16:00:00,Hardware,High,Team C,24,40,True
466,2025-06-25,2025-06-28 18:00:00,Software,Medium,Team B,48,90,True
467,2025-04-18,2025-04-19 22:00:00,Network,Low,Team C,72,46,False
468,2025-04-17,2025-04-20 11:00:00,Hardware,Low,Team C,72,83,True
469,2025-01-25,2025-01-26 15:00:00,Hardware,High,Team C,24,39,True
470,2025-03-09,2025-03-10 00:00:00,Network,Medium,Team C,48,24,False
471,2025-02-03,2025-02-06 09:00:00,Network,Low,Team B,72,81,True
472,2025-01-27,2025-01-28 08:00:00,Hardware,High,Team B,24,32,True
473,2025-06-13,2025-06-14 09:00:00,Software,Medium,Team A,48,33,False
474,2025-03-18,2025-03-18 07:00:00,Software,Low,Team B,72,7,False
475,2025-01-07,2025-01-10 05:00:00,Hardware,Low,Team C,72,77,True
476,2025-03-12,2025-03-14 18:00:00,Security,Low,Team B,72,66,False
477,2025-02-11,2025-02-13 11:00:00,Security,Medium,Team C,48,59,True
478,2025-02-23,2025-02-23 04:00:00,Security,Low,Team B,72,4,False
479,2025-02-16,2025-02-16 16:00:00,Hardware,Medium,Team B,48,16,False
480,2025-01-21,2025-01-24 17:00:00,Security,Low,Team B,72,89,True
481,2025-01-09,2025-01-09 18:00:00,Software,Medium,Team A,48,18,False
482,2025-05-05,2025-05-06 21:00:00,Security,Low,Team B,72,45,False
483,2025-04-01,2025-04-02 16:00:00,Security,Medium,Team C,48,40,False
484,2025-04-10,2025-04-12 15:00:00,Hardware,Medium,Team A,48,63,True
485,2025-05-26,2025-05-26 22:00:00,Security,Medium,Team A,48,22,False
486,2025-03-10,2025-03-12 02:00:00,Network,High,Team B,24,50,True
487,2025-06-10,2025-06-11 00:00:00,Network,Medium,Team A,48,24,False
488,2025-05-23,2025-05-24 14:00:00,Security,High,Team C,24,38,True
489,2025-05-18,2025-05-21 04:00:00,Software,Low,Team A,72,76,True
490,2025-06-02,2025-06-02 05:00:00,Security,High,Team C,24,5,False
491,2025-03-26,2025-03-26 21:00:00,Hardware,Medium,Team B,48,21,False
492,2025-05-05,2025-05-06 18:00:00,Network,Low,Team C,72,42,False
493,2025-01-24,2025-01-26 15:00:00,Software,High,Team B,24,63,True
494,2025-04-12,2025-04-13 21:00:00,Security,High,Team A,24,45,True
495,2025-02-05,2025-02-06 15:00:00,Hardware,Low,Team A,72,39,False
496,2025-05-03,2025-05-06 01:00:00,Network,High,Team A,24,73,True
497,2025-02-18,2025-02-20 15:00:00,Software,Low,Team C,72,63,False
498,2025-06-09,2025-06-10 00:00:00,Security,Medium,Team B,48,24,False
499,2025-03-08,2025-03-09 23:00:00,Network,Medium,Team C,48,47,False
500,2025-03-27,2025-03-30 01:00:00,Software,High,Team B,24,73,True
501,2025-04-12,2025-04-15 12:00:00,Hardware,Medium,Team C,48,84,True
502,2025-01-30,2025-01-30 11:00:00,Software,Medium,Team A,48,11,False
503,2025-03-18,2025-03-19 10:00:00,Hardware,Low,Team C,72,34,False
504,2025-04-16,2025-04-18 17:00:00,Software,Low,Team C,72,65,False
505,2025-05-24,2025-05-24 15:00:00,Network,High,Team B,24,15,False
506,2025-01-23,2025-01-26 23:00:00,Hardware,Medium,Team A,48,95,True
507,2025-04-14,2025-04-16 20:00:00,Network,Medium,Team A,48,68,True
508,2025-03-25,2025-03-28 01:00:00,Software,Medium,Team C,48,73,True
509,2025-02-01,2025-02-02 12:00:00,Network,Medium,Team B,48,36,False
510,2025-05-22,2025-05-23 15:00:00,Network,High,Team B,24,39,True
511,2025-03-07,2025-03-10 16:00:00,Software,High,Team A,24,88,True
512,2025-03-16,2025-03-18 22:00:00,Security,Medium,Team C,48,70,True
513,2025-06-03,2025-06-05 23:00:00,Software,High,Team B,24,71,True
514,2025-06-12,2025-06-13 01:00:00,Hardware,High,Team B,24,25,True
515,2025-03-01,2025-03-01 15:00:00,Hardware,Low,Team B,72,15,False
516,2025-06-15,2025-06-18 13:00:00,Network,High,Team B,24,85,True
517,2025-06-07,2025-06-10 09:00:00,Software,High,Team C,24,81,True
518,2025-06-29,2025-06-29 17:00:00,Network,High,Team A,24,17,False
519,2025-06-12,2025-06-14 21:00:00,Hardware,Medium,Team C,48,69,True
520,2025-01-20,2025-01-23 13:00:00,Security,Medium,Team A,48,85,True
521,2025-01-25,2025-01-27 09:00:00,Network,High,Team B,24,57,True
522,2025-03-06,2025-03-09 11:00:00,Software,Medium,Team A,48,83,True
523,2025-06-29,2025-06-29 06:00:00,Hardware,Low,Team B,72,6,False
524,2025-01-25,2025-01-25 16:00:00,Network,Medium,Team A,48,16,False
525,2025-01-25,2025-01-28 10:00:00,Security,Low,Team A,72,82,True
526,2025-01-31,2025-02-03 09:00:00,Security,Medium,Team A,48,81,True
527,2025-03-01,2025-03-03 18:00:00,Software,Low,Team C,72,66,False
528,2025-05-10,2025-05-12 15:00:00,Hardware,High,Team C,24,63,True
529,2025-01-05,2025-01-08 14:00:00,Software,Medium,Team A,48,86,True
530,2025-05-10,2025-05-10 14:00:00,Software,Low,Team C,72,14,False
531,2025-02-25,2025-02-28 10:00:00,Network,High,Team C,24,82,True
532,2025-05-17,2025-05-18 00:00:00,Network,Medium,Team B,48,24,False
533,2025-04-25,2025-04-25 10:00:00,Security,Low,Team C,72,10,False
534,2025-02-09,2025-02-09 20:00:00,Network,High,Team A,24,20,False
535,2025-02-21,2025-02-22 15:00:00,Security,Medium,Team C,48,39,False
536,2025-06-27,2025-06-29 18:00:00,Network,High,Team B,24,66,True
537,2025-01-07,2025-01-08 06:00:00,Security,Medium,Team B,48,30,False
538,2025-03-27,2025-03-27 08:00:00,Software,High,Team B,24,8,False
539,2025-03-03,2025-03-06 22:00:00,Network,Medium,Team B,48,94,True
540,2025-03-20,2025-03-21 00:00:00,Software,High,Team B,24,24,False
541,2025-04-30,2025-05-01 18:00:00,Network,Low,Team A,72,42,False
542,2025-03-23,2025-03-25 00:00:00,Security,Low,Team C,72,48,False
543,2025-05-19,2025-05-21 18:00:00,Network,High,Team A,24,66,True
544,2025-01-26,2025-01-28 23:00:00,Software,Medium,Team C,48,71,True
545,2025-06-29,2025-06-30 08:00:00,Software,Medium,Team A,48,32,False
546,2025-02-11,2025-02-11 16:00:00,Network,Low,Team A,72,16,False
547,2025-04-30,2025-04-30 12:00:00,Network,Low,Team B,72,12,False
548,2025-03-01,2025-03-03 03:00:00,Network,Low,Team B,72,51,False
549,2025-02-27,2025-03-01 15:00:00,Security,Low,Team C,72,63,False
550,2025-02-03,2025-02-03 11:00:00,Hardware,Medium,Team A,48,11,False
551,2025-03-20,2025-03-20 20:00:00,Security,High,Team A,24,20,False
552,2025-03-10,2025-03-11 11:00:00,Security,Low,Team C,72,35,False
553,2025-04-11,2025-04-11 11:00:00,Network,Low,Team C,72,11,False
554,2025-02-12,2025-02-12 04:00:00,Network,High,Team C,24,4,False
555,2025-06-01,2025-06-01 20:00:00,Network,Low,Team B,72,20,False
556,2025-06-08,2025-06-08 14:00:00,Security,High,Team C,24,14,False
557,2025-05-15,2025-05-16 07:00:00,Hardware,High,Team B,24,31,True
558,2025-01-05,2025-01-05 08:00:00,Software,Medium,Team B,48,8,False
559,2025-02-07,2025-02-10 23:00:00,Network,High,Team A,24,95,True
560,2025-03-14,2025-03-16 21:00:00,Hardware,Medium,Team C,48,69,True
561,2025-02-18,2025-02-19 15:00:00,Software,Medium,Team A,48,39,False
562,2025-06-18,2025-06-21 20:00:00,Software,High,Team B,24,92,True
563,2025-04-24,2025-04-24 13:00:00,Network,High,Team B,24,13,False
564,2025-04-28,2025-04-28 16:00:00,Network,High,Team B,24,16,False
565,2025-01-11,2025-01-11 13:00:00,Hardware,Low,Team B,72,13,False
566,2025-06-02,2025-06-04 14:00:00,Software,Medium,Team A,48,62,True
567,2025-04-24,2025-04-25 01:00:00,Security,Medium,Team A,48,25,False
568,2025-06-21,2025-06-22 11:00:00,Hardware,Medium,Team A,48,35,False
569,2025-04-30,2025-05-01 00:00:00,Hardware,Medium,Team B,48,24,False
570,2025-04-29,2025-04-30 18:00:00,Network,Low,Team C,72,42,False
571,2025-01-18,2025-01-19 00:00:00,Network,Medium,Team A,48,24,False
572,2025-05-06,2025-05-06 11:00:00,Software,Medium,Team C,48,11,False
573,2025-05-31,2025-06-03 06:00:00,Security,Medium,Team B,48,78,True
574,2025-03-30,2025-03-31 01:00:00,Security,Low,Team A,72,25,False
575,2025-01-02,2025-01-03 08:00:00,Network,High,Team C,24,32,True
576,2025-02-19,2025-02-22 10:00:00,Hardware,High,Team A,24,82,True
577,2025-01-22,2025-01-23 22:00:00,Network,Low,Team A,72,46,False
578,2025-01-03,2025-01-05 18:00:00,Software,High,Team C,24,66,True
579,2025-06-06,2025-06-07 09:00:00,Hardware,High,Team A,24,33,True
580,2025-05-08,2025-05-08 11:00:00,Software,Medium,Team A,48,11,False
581,2025-04-18,2025-04-18 08:00:00,Hardware,Low,Team C,72,8,False
582,2025-03-05,2025-03-08 20:00:00,Software,Low,Team B,72,92,True
583,2025-06-04,2025-06-06 21:00:00,Network,Low,Team A,72,69,False
584,2025-06-13,2025-06-16 17:00:00,Software,Medium,Team B,48,89,True
585,2025-02-23,2025-02-23 15:00:00,Network,Medium,Team B,48,15,False
586,2025-05-01,2025-05-02 13:00:00,Network,Low,Team C,72,37,False
587,2025-05-24,2025-05-27 01:00:00,Security,High,Team A,24,73,True
588,2025-05-12,2025-05-12 07:00:00,Security,Medium,Team B,48,7,False
589,2025-06-03,2025-06-04 16:00:00,Software,Low,Team B,72,40,False
590,2025-04-13,2025-04-14 00:00:00,Software,Medium,Team B,48,24,False
591,2025-01-04,2025-01-06 15:00:00,Network,Low,Team A,72,63,False
592,2025-04-29,2025-05-02 02:00:00,Security,Low,Team B,72,74,True
593,2025-01-03,2025-01-06 19:00:00,Network,Medium,Team C,48,91,True
594,2025-05-12,2025-05-13 03:00:00,Software,Medium,Team B,48,27,False
595,2025-05-27,2025-05-28 10:00:00,Security,High,Team A,24,34,True
596,2025-03-04,2025-03-07 14:00:00,Software,Low,Team B,72,86,True
597,2025-02-27,2025-02-28 10:00:00,Security,High,Team A,24,34,True
598,2025-04-04,2025-04-06 10:00:00,Network,High,Team A,24,58,True
599,2025-05-26,2025-05-28 18:00:00,Security,Low,Team C,72,66,False
600,2025-02-16,2025-02-19 06:00:00,Network,Medium,Team A,48,78,True
601,2025-06-10,2025-06-10 20:00:00,Software,High,Team C,24,20,False
602,2025-05-23,2025-05-26 01:00:00,Hardware,Medium,Team C,48,73,True
603,2025-04-13,2025-04-13 12:00:00,Software,Low,Team A,72,12,False
604,2025-03-02,2025-03-02 13:00:00,Software,High,Team A,24,13,False
605,2025-04-17,2025-04-20 01:00:00,Network,High,Team A,24,73,True
606,2025-02-20,2025-02-20 22:00:00,Software,High,Team B,24,22,False
607,2025-06-03,2025-06-06 00:00:00,Network,Low,Team A,72,72,False
608,2025-05-29,2025-06-01 05:00:00,Security,Low,Team B,72,77,True
609,2025-03-31,2025-03-31 07:00:00,Software,High,Team C,24,7,False
610,2025-06-12,2025-06-12 04:00:00,Security,Low,Team B,72,4,False
611,2025-02-10,2025-02-12 09:00:00,Software,Low,Team C,72,57,False
612,2025-03-25,2025-03-26 03:00:00,Network,Low,Team B,72,27,False
613,2025-06-01,2025-06-02 09:00:00,Software,High,Team C,24,33,True
614,2025-01-14,2025-01-14 13:00:00,Security,Medium,Team C,48,13,False
615,2025-04-16,2025-04-19 20:00:00,Network,Medium,Team A,48,92,True
616,2025-02-14,2025-02-16 11:00:00,Hardware,Medium,Team B,48,59,True
617,2025-04-17,2025-04-19 12:00:00,Network,Medium,Team A,48,60,True
618,2025-01-07,2025-01-10 01:00:00,Hardware,High,Team B,24,73,True
619,2025-06-09,2025-06-12 06:00:00,Security,High,Team C,24,78,True
620,2025-05-29,2025-05-30 21:00:00,Software,Medium,Team A,48,45,False
621,2025-06-14,2025-06-16 13:00:00,Network,Medium,Team A,48,61,True
622,2025-05-11,2025-05-14 18:00:00,Software,Low,Team A,72,90,True
623,2025-05-27,2025-05-30 20:00:00,Network,Low,Team A,72,92,True
624,2025-06-18,2025-06-19 12:00:00,Software,Low,Team C,72,36,False
625,2025-03-12,2025-03-15 17:00:00,Hardware,Low,Team A,72,89,True
626,2025-06-01,2025-06-03 16:00:00,Network,Medium,Team B,48,64,True
627,2025-02-12,2025-02-13 20:00:00,Hardware,Medium,Team A,48,44,False
628,2025-01-17,2025-01-20 01:00:00,Software,Medium,Team B,48,73,True
629,2025-03-06,2025-03-09 05:00:00,Network,Low,Team B,72,77,True
630,2025-01-22,2025-01-24 12:00:00,Software,Medium,Team B,48,60,True
631,2025-05-24,2025-05-26 06:00:00,Network,High,Team B,24,54,True
632,2025-03-17,2025-03-20 19:00:00,Hardware,Medium,Team C,48,91,True
633,2025-05-18,2025-05-20 19:00:00,Hardware,High,Team A,24,67,True
634,2025-02-01,2025-02-01 10:00:00,Network,Medium,Team C,48,10,False
635,2025-03-09,2025-03-12 17:00:00,Hardware,Low,Team C,72,89,True
636,2025-04-26,2025-04-29 23:00:00,Software,High,Team A,24,95,True
637,2025-06-17,2025-06-19 13:00:00,Security,Medium,Team A,48,61,True
638,2025-03-07,2025-03-08 04:00:00,Security,Medium,Team C,48,28,False
639,2025-02-13,2025-02-14 21:00:00,Security,High,Team B,24,45,True
640,2025-06-16,2025-06-18 07:00:00,Hardware,Low,Team C,72,55,False
641,2025-06-27,2025-06-28 22:00:00,Hardware,Low,Team C,72,46,False
642,2025-01-11,2025-01-11 15:00:00,Software,Low,Team A,72,15,False
643,2025-03-26,2025-03-29 03:00:00,Hardware,Low,Team C,72,75,True
644,2025-05-23,2025-05-25 03:00:00,Software,Medium,Team B,48,51,True
645,2025-03-01,2025-03-04 15:00:00,Software,Medium,Team C,48,87,True
646,2025-03-21,2025-03-21 06:00:00,Network,High,Team C,24,6,False
647,2025-04-24,2025-04-25 19:00:00,Software,Low,Team A,72,43,False
648,2025-01-08,2025-01-09 11:00:00,Security,High,Team A,24,35,True
649,2025-01-04,2025-01-07 01:00:00,Software,Medium,Team C,48,73,True
650,2025-02-01,2025-02-01 12:00:00,Security,High,Team B,24,12,False
651,2025-04-29,2025-04-29 19:00:00,Network,High,Team A,24,19,False
652,2025-04-29,2025-04-30 00:00:00,Software,Low,Team B,72,24,False
653,2025-01-04,2025-01-05 07:00:00,Software,Medium,Team C,48,31,False
654,2025-02-28,2025-03-01 06:00:00,Network,Low,Team C,72,30,False
655,2025-04-07,2025-04-09 23:00:00,Network,Medium,Team B,48,71,True
656,2025-05-06,2025-05-06 08:00:00,Hardware,Low,Team A,72,8,False
657,2025-01-09,2025-01-11 05:00:00,Software,High,Team A,24,53,True
658,2025-05-19,2025-05-21 21:00:00,Hardware,Low,Team A,72,69,False
659,2025-05-11,2025-05-14 07:00:00,Security,Medium,Team B,48,79,True
660,2025-01-21,2025-01-22 07:00:00,Security,Medium,Team B,48,31,False
661,2025-06-10,2025-06-13 16:00:00,Hardware,Medium,Team A,48,88,True
662,2025-02-20,2025-02-22 02:00:00,Software,Medium,Team C,48,50,True
663,2025-01-23,2025-01-25 03:00:00,Security,Medium,Team A,48,51,True
664,2025-03-10,2025-03-10 14:00:00,Software,High,Team C,24,14,False
665,2025-06-12,2025-06-13 12:00:00,Security,Low,Team B,72,36,False
666,2025-03-07,2025-03-08 19:00:00,Security,High,Team C,24,43,True
667,2025-05-28,2025-05-28 04:00:00,Security,High,Team C,24,4,False
668,2025-05-08,2025-05-10 18:00:00,Hardware,Medium,Team A,48,66,True
669,2025-02-16,2025-02-17 17:00:00,Hardware,High,Team A,24,41,True
670,2025-02-26,2025-02-28 08:00:00,Software,Medium,Team A,48,56,True
671,2025-02-08,2025-02-08 12:00:00,Hardware,Low,Team C,72,12,False
672,2025-04-25,2025-04-25 09:00:00,Hardware,High,Team C,24,9,False
673,2025-04-01,2025-04-03 01:00:00,Software,Medium,Team A,48,49,True
674,2025-03-13,2025-03-15 17:00:00,Hardware,High,Team B,24,65,True
675,2025-03-19,2025-03-22 15:00:00,Network,Low,Team B,72,87,True
676,2025-06-03,2025-06-06 18:00:00,Software,Low,Team C,72,90,True
677,2025-04-20,2025-04-22 06:00:00,Hardware,Medium,Team C,48,54,True
678,2025-01-28,2025-01-31 15:00:00,Network,High,Team B,24,87,True
679,2025-03-04,2025-03-07 04:00:00,Hardware,High,Team A,24,76,True
680,2025-01-19,2025-01-21 02:00:00,Security,Medium,Team B,48,50,True
681,2025-03-02,2025-03-03 15:00:00,Security,Low,Team B,72,39,False
682,2025-01-09,2025-01-11 19:00:00,Network,Low,Team B,72,67,False
683,2025-02-22,2025-02-24 14:00:00,Software,Medium,Team A,48,62,True
684,2025-03-09,2025-03-12 23:00:00,Security,Medium,Team A,48,95,True
685,2025-05-05,2025-05-08 17:00:00,Network,High,Team C,24,89,True
686,2025-01-16,2025-01-18 17:00:00,Network,Medium,Team C,48,65,True
687,2025-01-11,2025-01-13 19:00:00,Software,Medium,Team A,48,67,True
688,2025-05-29,2025-06-01 00:00:00,Security,Low,Team C,72,72,False
689,2025-06-21,2025-06-22 12:00:00,Network,Low,Team A,72,36,False
690,2025-05-17,2025-05-19 23:00:00,Hardware,Low,Team B,72,71,False
691,2025-03-06,2025-03-06 11:00:00,Network,High,Team C,24,11,False
692,2025-06-17,2025-06-20 07:00:00,Software,Medium,Team C,48,79,True
693,2025-01-15,2025-01-15 22:00:00,Software,Low,Team B,72,22,False
694,2025-01-21,2025-01-23 06:00:00,Software,Low,Team A,72,54,False
695,2025-06-28,2025-06-28 07:00:00,Hardware,High,Team B,24,7,False
696,2025-03-17,2025-03-19 00:00:00,Hardware,Medium,Team B,48,48,False
697,2025-06-11,2025-06-14 22:00:00,Hardware,Low,Team A,72,94,True
698,2025-03-13,2025-03-16 18:00:00,Software,Medium,Team B,48,90,True
699,2025-06-02,2025-06-05 13:00:00,Network,Low,Team B,72,85,True
700,2025-01-27,2025-01-27 11:00:00,Hardware,Medium,Team A,48,11,False
701,2025-04-03,2025-04-04 19:00:00,Software,High,Team A,24,43,True
702,2025-03-25,2025-03-27 11:00:00,Network,Low,Team A,72,59,False
703,2025-02-18,2025-02-20 01:00:00,Network,Medium,Team C,48,49,True
704,2025-05-28,2025-05-31 21:00:00,Hardware,Low,Team A,72,93,True
705,2025-06-26,2025-06-28 19:00:00,Software,Medium,Team C,48,67,True
706,2025-02-23,2025-02-23 12:00:00,Security,Low,Team A,72,12,False
707,2025-02-10,2025-02-10 20:00:00,Security,Low,Team C,72,20,False
708,2025-02-28,2025-03-01 18:00:00,Hardware,Low,Team C,72,42,False
709,2025-05-21,2025-05-23 19:00:00,Hardware,Medium,Team C,48,67,True
710,2025-05-19,2025-05-22 08:00:00,Hardware,Medium,Team A,48,80,True
711,2025-01-01,2025-01-02 19:00:00,Security,High,Team A,24,43,True
712,2025-04-19,2025-04-19 15:00:00,Network,Low,Team A,72,15,False
713,2025-03-31,2025-04-03 23:00:00,Software,Low,Team A,72,95,True
714,2025-04-01,2025-04-03 01:00:00,Hardware,Medium,Team A,48,49,True
715,2025-06-24,2025-06-27 18:00:00,Network,High,Team B,24,90,True
716,2025-05-26,2025-05-28 21:00:00,Security,Medium,Team A,48,69,True
717,2025-05-07,2025-05-08 15:00:00,Software,Low,Team C,72,39,False
718,2025-06-05,2025-06-06 19:00:00,Security,Low,Team A,72,43,False
719,2025-03-17,2025-03-17 18:00:00,Network,High,Team B,24,18,False
720,2025-01-29,2025-02-01 05:00:00,Software,High,Team C,24,77,True
721,2025-01-10,2025-01-10 17:00:00,Software,High,Team B,24,17,False
722,2025-05-01,2025-05-02 18:00:00,Security,High,Team B,24,42,True
723,2025-06-04,2025-06-04 05:00:00,Network,Medium,Team C,48,5,False
724,2025-05-24,2025-05-25 19:00:00,Software,Low,Team A,72,43,False
725,2025-01-12,2025-01-13 14:00:00,Hardware,Low,Team C,72,38,False
726,2025-02-14,2025-02-17 10:00:00,Software,Low,Team A,72,82,True
727,2025-03-03,2025-03-05 04:00:00,Hardware,High,Team A,24,52,True
728,2025-01-23,2025-01-24 03:00:00,Network,Medium,Team A,48,27,False
729,2025-04-17,2025-04-17 21:00:00,Security,High,Team A,24,21,False
730,2025-04-29,2025-05-02 04:00:00,Network,Medium,Team B,48,76,True
731,2025-01-30,2025-02-01 15:00:00,Security,Medium,Team C,48,63,True
732,2025-06-05,2025-06-06 23:00:00,Hardware,Low,Team C,72,47,False
733,2025-01-23,2025-01-26 06:00:00,Security,Medium,Team C,48,78,True
734,2025-02-26,2025-02-27 12:00:00,Security,High,Team B,24,36,True
735,2025-06-05,2025-06-06 16:00:00,Hardware,Low,Team A,72,40,False
736,2025-02-16,2025-02-16 23:00:00,Hardware,Low,Team B,72,23,False
737,2025-05-26,2025-05-29 23:00:00,Hardware,High,Team C,24,95,True
738,2025-05-06,2025-05-06 14:00:00,Network,Low,Team B,72,14,False
739,2025-03-05,2025-03-08 00:00:00,Security,Medium,Team B,48,72,True
740,2025-03-06,2025-03-07 10:00:00,Security,Low,Team A,72,34,False
741,2025-06-27,2025-06-30 00:00:00,Software,High,Team C,24,72,True
742,2025-03-16,2025-03-18 00:00:00,Security,Medium,Team C,48,48,False
743,2025-06-23,2025-06-25 19:00:00,Hardware,Medium,Team C,48,67,True
744,2025-02-19,2025-02-19 09:00:00,Hardware,Low,Team C,72,9,False
745,2025-01-30,2025-01-31 21:00:00,Network,Medium,Team A,48,45,False
746,2025-02-06,2025-02-07 21:00:00,Security,Low,Team C,72,45,False
747,2025-03-28,2025-03-28 09:00:00,Security,Medium,Team A,48,9,False
748,2025-04-23,2025-04-24 08:00:00,Network,High,Team C,24,32,True
749,2025-05-06,2025-05-06 20:00:00,Network,Medium,Team A,48,20,False
750,2025-06-14,2025-06-16 04:00:00,Network,Medium,Team A,48,52,True
751,2025-03-27,2025-03-29 08:00:00,Hardware,High,Team C,24,56,True
752,2025-05-11,2025-05-12 21:00:00,Software,Low,Team C,72,45,False
753,2025-03-26,2025-03-28 01:00:00,Hardware,Low,Team C,72,49,False
754,2025-04-13,2025-04-15 23:00:00,Hardware,Low,Team C,72,71,False
755,2025-01-24,2025-01-24 16:00:00,Hardware,Medium,Team C,48,16,False
756,2025-06-28,2025-06-28 20:00:00,Hardware,Medium,Team B,48,20,False
757,2025-06-01,2025-06-01 22:00:00,Network,High,Team A,24,22,False
758,2025-01-08,2025-01-09 07:00:00,Network,Low,Team A,72,31,False
759,2025-06-13,2025-06-13 22:00:00,Hardware,High,Team A,24,22,False
760,2025-04-08,2025-04-08 14:00:00,Software,Low,Team C,72,14,False
761,2025-05-20,2025-05-21 00:00:00,Software,High,Team C,24,24,False
762,2025-01-05,2025-01-08 12:00:00,Security,Low,Team B,72,84,True
763,2025-01-12,2025-01-15 01:00:00,Network,High,Team C,24,73,True
764,2025-06-03,2025-06-05 03:00:00,Security,Medium,Team C,48,51,True
765,2025-04-12,2025-04-15 06:00:00,Network,Medium,Team C,48,78,True
766,2025-05-23,2025-05-24 06:00:00,Hardware,Low,Team C,72,30,False
767,2025-06-28,2025-06-30 08:00:00,Software,High,Team B,24,56,True
768,2025-04-02,2025-04-04 06:00:00,Hardware,High,Team C,24,54,True
769,2025-01-04,2025-01-04 10:00:00,Network,High,Team C,24,10,False
770,2025-03-14,2025-03-17 03:00:00,Security,Low,Team A,72,75,True
771,2025-03-22,2025-03-25 03:00:00,Hardware,High,Team B,24,75,True
772,2025-03-08,2025-03-10 14:00:00,Network,Low,Team C,72,62,False
773,2025-01-31,2025-02-03 11:00:00,Software,Medium,Team A,48,83,True
774,2025-06-20,2025-06-22 22:00:00,Software,Medium,Team B,48,70,True
775,2025-03-05,2025-03-06 00:00:00,Security,Medium,Team A,48,24,False
776,2025-06-01,2025-06-02 14:00:00,Security,Medium,Team A,48,38,False
777,2025-02-16,2025-02-17 14:00:00,Hardware,Medium,Team B,48,38,False
778,2025-04-23,2025-04-26 02:00:00,Software,High,Team C,24,74,True
779,2025-03-06,2025-03-07 15:00:00,Network,Low,Team A,72,39,False
780,2025-05-23,2025-05-24 16:00:00,Network,Low,Team A,72,40,False
781,2025-05-07,2025-05-07 04:00:00,Security,High,Team B,24,4,False
782,2025-04-14,2025-04-15 02:00:00,Network,Medium,Team B,48,26,False
783,2025-05-08,2025-05-08 07:00:00,Software,High,Team B,24,7,False
784,2025-03-16,2025-03-19 03:00:00,Hardware,Medium,Team A,48,75,True
785,2025-06-22,2025-06-23 13:00:00,Network,Low,Team C,72,37,False
786,2025-05-03,2025-05-03 19:00:00,Software,Low,Team C,72,19,False
787,2025-06-11,2025-06-11 19:00:00,Software,Medium,Team B,48,19,False
788,2025-01-13,2025-01-15 11:00:00,Hardware,High,Team B,24,59,True
789,2025-02-08,2025-02-10 22:00:00,Security,High,Team B,24,70,True
790,2025-04-30,2025-05-02 10:00:00,Hardware,Medium,Team A,48,58,True
791,2025-02-22,2025-02-23 18:00:00,Network,Low,Team A,72,42,False
792,2025-06-07,2025-06-09 08:00:00,Network,Low,Team C,72,56,False
793,2025-02-22,2025-02-22 22:00:00,Network,Low,Team B,72,22,False
794,2025-01-31,2025-02-03 12:00:00,Hardware,High,Team B,24,84,True
795,2025-03-15,2025-03-15 13:00:00,Security,Medium,Team B,48,13,False
796,2025-01-14,2025-01-16 05:00:00,Security,Medium,Team A,48,53,True
797,2025-06-01,2025-06-04 10:00:00,Software,Medium,Team C,48,82,True
798,2025-01-04,2025-01-07 08:00:00,Hardware,High,Team B,24,80,True
799,2025-01-12,2025-01-13 10:00:00,Software,Medium,Team B,48,34,False
800,2025-04-08,2025-04-11 06:00:00,Network,Low,Team C,72,78,True
801,2025-04-03,2025-04-04 05:00:00,Software,Medium,Team B,48,29,False
802,2025-03-28,2025-03-31 19:00:00,Software,Low,Team B,72,91,True
803,2025-03-10,2025-03-11 23:00:00,Network,Low,Team C,72,47,False
804,2025-05-01,2025-05-03 20:00:00,Hardware,High,Team A,24,68,True
805,2025-06-04,2025-06-05 13:00:00,Security,Medium,Team C,48,37,False
806,2025-02-20,2025-02-20 16:00:00,Hardware,Low,Team B,72,16,False
807,2025-04-22,2025-04-24 11:00:00,Security,High,Team A,24,59,True
808,2025-05-25,2025-05-27 13:00:00,Hardware,Medium,Team A,48,61,True
809,2025-06-10,2025-06-12 15:00:00,Hardware,Low,Team C,72,63,False
810,2025-05-18,2025-05-20 02:00:00,Hardware,Low,Team A,72,50,False
811,2025-01-13,2025-01-14 12:00:00,Security,High,Team A,24,36,True
812,2025-06-24,2025-06-25 04:00:00,Software,Low,Team A,72,28,False
813,2025-03-25,2025-03-28 14:00:00,Hardware,Low,Team B,72,86,True
814,2025-05-25,2025-05-27 03:00:00,Hardware,Low,Team C,72,51,False
815,2025-02-16,2025-02-16 21:00:00,Security,Medium,Team C,48,21,False
816,2025-04-15,2025-04-18 02:00:00,Network,Low,Team B,72,74,True
817,2025-05-21,2025-05-22 10:00:00,Software,Low,Team A,72,34,False
818,2025-06-15,2025-06-18 06:00:00,Software,Medium,Team A,48,78,True
819,2025-04-10,2025-04-13 18:00:00,Network,Low,Team B,72,90,True
820,2025-05-17,2025-05-20 19:00:00,Security,High,Team B,24,91,True
821,2025-01-03,2025-01-04 07:00:00,Software,Low,Team B,72,31,False
822,2025-03-06,2025-03-07 00:00:00,Security,High,Team C,24,24,False
823,2025-01-13,2025-01-15 12:00:00,Network,Medium,Team B,48,60,True
824,2025-05-18,2025-05-20 08:00:00,Security,High,Team A,24,56,True
825,2025-03-15,2025-03-17 01:00:00,Network,Low,Team B,72,49,False
826,2025-01-24,2025-01-24 05:00:00,Software,Low,Team B,72,5,False
827,2025-05-18,2025-05-19 14:00:00,Network,High,Team C,24,38,True
828,2025-04-12,2025-04-12 20:00:00,Security,Medium,Team A,48,20,False
829,2025-06-20,2025-06-21 04:00:00,Security,Medium,Team B,48,28,False
830,2025-03-06,2025-03-09 15:00:00,Hardware,High,Team A,24,87,True
831,2025-04-14,2025-04-17 23:00:00,Software,High,Team B,24,95,True
832,2025-06-19,2025-06-21 14:00:00,Hardware,Medium,Team A,48,62,True
833,2025-06-11,2025-06-12 16:00:00,Software,High,Team A,24,40,True
834,2025-06-02,2025-06-03 12:00:00,Hardware,Medium,Team C,48,36,False
835,2025-02-26,2025-02-26 15:00:00,Security,High,Team A,24,15,False
836,2025-05-15,2025-05-17 06:00:00,Network,High,Team A,24,54,True
837,2025-02-14,2025-02-17 17:00:00,Hardware,High,Team A,24,89,True
838,2025-06-06,2025-06-07 07:00:00,Network,High,Team C,24,31,True
839,2025-06-21,2025-06-24 21:00:00,Security,Medium,Team A,48,93,True
840,2025-04-29,2025-04-29 08:00:00,Security,Medium,Team C,48,8,False
841,2025-05-23,2025-05-24 11:00:00,Security,Medium,Team A,48,35,False
842,2025-01-17,2025-01-19 14:00:00,Software,High,Team B,24,62,True
843,2025-01-26,2025-01-27 04:00:00,Software,High,Team A,24,28,True
844,2025-03-24,2025-03-24 14:00:00,Network,Low,Team C,72,14,False
845,2025-04-05,2025-04-06 07:00:00,Hardware,High,Team A,24,31,True
846,2025-02-18,2025-02-20 02:00:00,Security,Medium,Team B,48,50,True
847,2025-02-26,2025-02-28 02:00:00,Hardware,Low,Team B,72,50,False
848,2025-01-26,2025-01-26 08:00:00,Security,Low,Team C,72,8,False
849,2025-02-23,2025-02-24 12:00:00,Software,Medium,Team C,48,36,False
850,2025-01-15,2025-01-17 16:00:00,Software,Low,Team B,72,64,False
851,2025-05-14,2025-05-15 17:00:00,Software,Medium,Team B,48,41,False
852,2025-03-19,2025-03-22 05:00:00,Software,Low,Team C,72,77,True
853,2025-01-03,2025-01-03 09:00:00,Network,Low,Team C,72,9,False
854,2025-04-18,2025-04-19 12:00:00,Network,High,Team A,24,36,True
855,2025-02-19,2025-02-19 14:00:00,Hardware,Medium,Team A,48,14,False
856,2025-01-16,2025-01-18 23:00:00,Hardware,High,Team B,24,71,True
857,2025-03-17,2025-03-17 14:00:00,Network,Low,Team B,72,14,False
858,2025-01-19,2025-01-22 18:00:00,Hardware,Medium,Team B,48,90,True
859,2025-06-03,2025-06-03 09:00:00,Security,High,Team A,24,9,False
860,2025-02-28,2025-02-28 20:00:00,Hardware,High,Team A,24,20,False
861,2025-03-21,2025-03-23 21:00:00,Software,High,Team A,24,69,True
862,2025-04-16,2025-04-16 11:00:00,Software,High,Team B,24,11,False
863,2025-03-06,2025-03-07 22:00:00,Hardware,Low,Team C,72,46,False
864,2025-03-25,2025-03-28 19:00:00,Software,Medium,Team A,48,91,True
865,2025-03-27,2025-03-28 23:00:00,Network,Low,Team B,72,47,False
866,2025-02-05,2025-02-08 23:00:00,Security,Medium,Team C,48,95,True
867,2025-06-20,2025-06-23 16:00:00,Security,Medium,Team B,48,88,True
868,2025-02-24,2025-02-27 03:00:00,Security,High,Team B,24,75,True
869,2025-04-11,2025-04-12 06:00:00,Network,Low,Team C,72,30,False
870,2025-04-18,2025-04-18 16:00:00,Network,Medium,Team A,48,16,False
871,2025-06-04,2025-06-05 13:00:00,Hardware,Low,Team A,72,37,False
872,2025-04-03,2025-04-06 02:00:00,Network,High,Team A,24,74,True
873,2025-04-04,2025-04-05 14:00:00,Hardware,Low,Team C,72,38,False
874,2025-04-01,2025-04-04 21:00:00,Software,Low,Team B,72,93,True
875,2025-06-22,2025-06-25 15:00:00,Network,High,Team B,24,87,True
876,2025-03-09,2025-03-11 20:00:00,Software,Low,Team B,72,68,False
877,2025-06-03,2025-06-03 23:00:00,Security,High,Team B,24,23,False
878,2025-02-28,2025-03-03 06:00:00,Network,Low,Team A,72,78,True
879,2025-05-02,2025-05-04 20:00:00,Network,Medium,Team B,48,68,True
880,2025-06-18,2025-06-20 23:00:00,Network,High,Team C,24,71,True
881,2025-05-29,2025-06-01 07:00:00,Software,High,Team C,24,79,True
882,2025-04-19,2025-04-21 15:00:00,Hardware,High,Team C,24,63,True
883,2025-03-12,2025-03-13 05:00:00,Security,Low,Team A,72,29,False
884,2025-05-12,2025-05-13 02:00:00,Software,High,Team B,24,26,True
885,2025-04-26,2025-04-26 11:00:00,Network,High,Team C,24,11,False
886,2025-02-15,2025-02-16 07:00:00,Software,Low,Team C,72,31,False
887,2025-03-09,2025-03-09 18:00:00,Hardware,Low,Team A,72,18,False
888,2025-04-21,2025-04-22 03:00:00,Hardware,High,Team A,24,27,True
889,2025-06-13,2025-06-14 03:00:00,Security,Medium,Team C,48,27,False
890,2025-02-03,2025-02-05 12:00:00,Network,High,Team A,24,60,True
891,2025-04-26,2025-04-27 02:00:00,Network,Low,Team C,72,26,False
892,2025-03-03,2025-03-04 20:00:00,Network,Low,Team A,72,44,False
893,2025-02-23,2025-02-26 01:00:00,Network,Low,Team B,72,73,True
894,2025-06-17,2025-06-17 10:00:00,Hardware,Medium,Team A,48,10,False
895,2025-03-02,2025-03-05 15:00:00,Hardware,High,Team B,24,87,True
896,2025-02-16,2025-02-18 23:00:00,Security,Medium,Team C,48,71,True
897,2025-06-13,2025-06-14 20:00:00,Network,Low,Team C,72,44,False
898,2025-02-27,2025-03-01 05:00:00,Software,Medium,Team A,48,53,True
899,2025-01-25,2025-01-26 06:00:00,Hardware,Medium,Team A,48,30,False
900,2025-05-06,2025-05-08 02:00:00,Software,High,Team B,24,50,True
901,2025-02-23,2025-02-24 00:00:00,Security,Low,Team C,72,24,False
902,2025-01-31,2025-02-01 21:00:00,Software,High,Team B,24,45,True
903,2025-01-09,2025-01-12 12:00:00,Hardware,Medium,Team B,48,84,True
904,2025-01-17,2025-01-19 23:00:00,Security,High,Team A,24,71,True
905,2025-05-03,2025-05-04 00:00:00,Network,Medium,Team A,48,24,False
906,2025-03-06,2025-03-08 18:00:00,Network,High,Team A,24,66,True
907,2025-05-07,2025-05-10 19:00:00,Software,High,Team C,24,91,True
908,2025-05-03,2025-05-06 01:00:00,Network,High,Team C,24,73,True
909,2025-05-02,2025-05-03 18:00:00,Network,Medium,Team A,48,42,False
910,2025-03-22,2025-03-23 13:00:00,Hardware,Low,Team A,72,37,False
911,2025-03-14,2025-03-14 16:00:00,Software,Medium,Team A,48,16,False
912,2025-01-03,2025-01-06 12:00:00,Hardware,Low,Team C,72,84,True
913,2025-04-19,2025-04-21 10:00:00,Security,Low,Team A,72,58,False
914,2025-01-15,2025-01-16 11:00:00,Security,Medium,Team A,48,35,False
915,2025-03-24,2025-03-25 22:00:00,Security,High,Team B,24,46,True
916,2025-02-27,2025-02-28 12:00:00,Software,Medium,Team A,48,36,False
917,2025-05-12,2025-05-15 19:00:00,Hardware,Low,Team C,72,91,True
918,2025-05-14,2025-05-16 04:00:00,Security,High,Team A,24,52,True
919,2025-01-27,2025-01-30 11:00:00,Software,Low,Team B,72,83,True
920,2025-05-27,2025-05-30 07:00:00,Security,High,Team C,24,79,True
921,2025-03-30,2025-03-30 23:00:00,Hardware,High,Team B,24,23,False
922,2025-04-30,2025-05-01 01:00:00,Hardware,Low,Team A,72,25,False
923,2025-03-13,2025-03-13 10:00:00,Software,High,Team C,24,10,False
924,2025-04-24,2025-04-24 19:00:00,Hardware,High,Team C,24,19,False
925,2025-03-13,2025-03-13 15:00:00,Software,Low,Team C,72,15,False
926,2025-05-13,2025-05-14 06:00:00,Security,Low,Team B,72,30,False
927,2025-04-07,2025-04-07 08:00:00,Network,Medium,Team A,48,8,False
928,2025-04-28,2025-04-30 14:00:00,Network,Medium,Team B,48,62,True
929,2025-04-22,2025-04-22 22:00:00,Software,Low,Team C,72,22,False
930,2025-02-16,2025-02-17 18:00:00,Security,Low,Team A,72,42,False
931,2025-03-25,2025-03-27 09:00:00,Hardware,High,Team C,24,57,True
932,2025-01-14,2025-01-17 18:00:00,Hardware,Medium,Team A,48,90,True
933,2025-05-28,2025-05-29 08:00:00,Security,Medium,Team C,48,32,False
934,2025-04-15,2025-04-17 12:00:00,Security,Medium,Team B,48,60,True
935,2025-06-06,2025-06-09 05:00:00,Network,Medium,Team B,48,77,True
936,2025-02-27,2025-03-02 00:00:00,Security,Medium,Team A,48,72,True
937,2025-03-23,2025-03-26 21:00:00,Security,Low,Team A,72,93,True
938,2025-06-26,2025-06-29 07:00:00,Hardware,High,Team C,24,79,True
939,2025-01-10,2025-01-13 20:00:00,Hardware,Medium,Team B,48,92,True
940,2025-06-15,2025-06-16 01:00:00,Software,High,Team C,24,25,True
941,2025-02-08,2025-02-11 22:00:00,Network,High,Team B,24,94,True
942,2025-01-20,2025-01-23 22:00:00,Network,Medium,Team C,48,94,True
943,2025-03-25,2025-03-27 21:00:00,Software,Low,Team B,72,69,False
944,2025-05-30,2025-06-01 22:00:00,Software,High,Team C,24,70,True
945,2025-01-10,2025-01-13 04:00:00,Network,Medium,Team A,48,76,True
946,2025-04-10,2025-04-12 14:00:00,Security,Medium,Team A,48,62,True
947,2025-03-06,2025-03-09 14:00:00,Software,Low,Team B,72,86,True
948,2025-02-22,2025-02-25 10:00:00,Hardware,Medium,Team C,48,82,True
949,2025-02-17,2025-02-18 00:00:00,Hardware,Medium,Team B,48,24,False
950,2025-06-07,2025-06-08 04:00:00,Network,Low,Team A,72,28,False
951,2025-02-14,2025-02-16 23:00:00,Hardware,Low,Team A,72,71,False
952,2025-06-13,2025-06-16 14:00:00,Network,Medium,Team A,48,86,True
953,2025-02-15,2025-02-16 11:00:00,Security,Medium,Team B,48,35,False
954,2025-05-25,2025-05-28 05:00:00,Software,High,Team B,24,77,True
955,2025-06-27,2025-06-28 14:00:00,Security,High,Team A,24,38,True
956,2025-05-07,2025-05-08 04:00:00,Security,High,Team C,24,28,True
957,2025-05-12,2025-05-15 04:00:00,Hardware,Medium,Team C,48,76,True
958,2025-04-02,2025-04-02 20:00:00,Hardware,Low,Team A,72,20,False
959,2025-06-19,2025-06-21 05:00:00,Security,Low,Team C,72,53,False
960,2025-04-23,2025-04-24 02:00:00,Hardware,High,Team C,24,26,True
961,2025-04-20,2025-04-23 00:00:00,Hardware,Medium,Team C,48,72,True
962,2025-03-02,2025-03-04 05:00:00,Hardware,Medium,Team B,48,53,True
963,2025-06-10,2025-06-13 06:00:00,Security,Medium,Team B,48,78,True
964,2025-02-17,2025-02-17 13:00:00,Software,Medium,Team C,48,13,False
965,2025-01-19,2025-01-20 15:00:00,Hardware,High,Team A,24,39,True
966,2025-06-23,2025-06-23 06:00:00,Software,Medium,Team A,48,6,False
967,2025-04-30,2025-05-03 22:00:00,Software,High,Team B,24,94,True
968,2025-03-14,2025-03-14 09:00:00,Hardware,Low,Team C,72,9,False
969,2025-04-23,2025-04-25 15:00:00,Security,Low,Team B,72,63,False
970,2025-02-06,2025-02-06 12:00:00,Software,High,Team A,24,12,False
971,2025-01-02,2025-01-04 16:00:00,Software,High,Team C,24,64,True
972,2025-06-17,2025-06-18 15:00:00,Software,High,Team A,24,39,True
973,2025-03-20,2025-03-23 23:00:00,Software,Medium,Team C,48,95,True
974,2025-05-30,2025-05-30 14:00:00,Software,Low,Team A,72,14,False
975,2025-01-04,2025-01-07 17:00:00,Security,High,Team A,24,89,True
976,2025-04-17,2025-04-19 09:00:00,Security,High,Team A,24,57,True
977,2025-02-24,2025-02-24 06:00:00,Software,Medium,Team B,48,6,False
978,2025-05-01,2025-05-01 04:00:00,Software,Medium,Team A,48,4,False
979,2025-06-06,2025-06-06 08:00:00,Network,Medium,Team A,48,8,False
980,2025-04-19,2025-04-21 02:00:00,Security,High,Team C,24,50,True
981,2025-03-10,2025-03-10 04:00:00,Security,High,Team B,24,4,False
982,2025-01-23,2025-01-24 04:00:00,Network,Low,Team C,72,28,False
983,2025-05-02,2025-05-04 07:00:00,Security,Low,Team A,72,55,False
984,2025-02-24,2025-02-26 01:00:00,Security,High,Team A,24,49,True
985,2025-02-05,2025-02-07 04:00:00,Software,Medium,Team C,48,52,True
986,2025-03-21,2025-03-24 16:00:00,Network,Low,Team B,72,88,True
987,2025-04-19,2025-04-20 14:00:00,Hardware,Medium,Team A,48,38,False
988,2025-04-28,2025-04-28 08:00:00,Software,High,Team A,24,8,False
989,2025-03-17,2025-03-20 18:00:00,Security,High,Team B,24,90,True
990,2025-02-26,2025-03-01 17:00:00,Network,Low,Team C,72,89,True
991,2025-06-14,2025-06-17 18:00:00,Network,Medium,Team C,48,90,True
992,2025-04-22,2025-04-23 02:00:00,Network,Low,Team C,72,26,False
993,2025-04-14,2025-04-17 16:00:00,Software,Low,Team B,72,88,True
994,2025-04-18,2025-04-18 21:00:00,Software,Medium,Team B,48,21,False
995,2025-02-02,2025-02-03 09:00:00,Network,Medium,Team C,48,33,False
996,2025-06-09,2025-06-10 21:00:00,Hardware,Medium,Team B,48,45,False
997,2025-05-18,2025-05-19 15:00:00,Software,Low,Team B,72,39,False
998,2025-01-28,2025-01-28 14:00:00,Software,High,Team C,24,14,False
999,2025-02-16,2025-02-16 22:00:00,Software,High,Team B,24,22,False
1000,2025-06-05,2025-06-06 03:00:00,Security,High,Team A,24,27,True
